ColumnVariableCode,ColumnVariableMeasurementUnitValue,ColumnVariableStatisticalUnitValue,ColumnVariableCodeValue,ColumnVariableParentCodeValue
GeographyCode,,,Geography Code
DC1117EW0001,count,F_PERSON_F@5f@PERSON,"F@5f@PERSON_AGE@5f@T087A|C_AGE_TFPKB9yy, F@5f@PERSON_SEX@5f@T003A|C_SEX_TOTAL",
DC1117EW0002,count,F_PERSON_F@5f@PERSON,"F@5f@PERSON_AGE@5f@T087A|C_AGE_TFPKB9yy, F@5f@PERSON_SEX@5f@T003A|C_SEX_1",
DC1117EW0003,count,F_PERSON_F@5f@PERSON,"F@5f@PERSON_AGE@5f@T087A|C_AGE_TFPKB9yy, F@5f@PERSON_SEX@5f@T003A|C_SEX_2",
DC1117EW0004,count,F_PERSON_F@5f@PERSON,"F@5f@PERSON_AGE@5f@T087A|C_AGE_000, F@5f@PERSON_SEX@5f@T003A|C_SEX_TOTAL",
DC1117EW0005,count,F_PERSON_F@5f@PERSON,"F@5f@PERSON_AGE@5f@T087A|C_AGE_000, F@5f@PERSON_SEX@5f@T003A|C_SEX_1",
DC1117EW0006,count,F_PERSON_F@5f@PERSON,"F@5f@PERSON_AGE@5f@T087A|C_AGE_000, F@5f@PERSON_SEX@5f@T003A|C_SEX_2",
DC1117EW0007,count,F_PERSON_F@5f@PERSON,"F@5f@PERSON_AGE@5f@T087A|C_AGE_001, F@5f@PERSON_SEX@5f@T003A|C_SEX_TOTAL",
DC1117EW0008,count,F_PERSON_F@5f@PERSON,"F@5f@PERSON_AGE@5f@T087A|C_AGE_001, F@5f@PERSON_SEX@5f@T003A|C_SEX_1",
DC1117EW0009,count,F_PERSON_F@5f@PERSON,"F@5f@PERSON_AGE@5f@T087A|C_AGE_001, F@5f@PERSON_SEX@5f@T003A|C_SEX_2",
DC1117EW0010,count,F_PERSON_F@5f@PERSON,"F@5f@PERSON_AGE@5f@T087A|C_AGE_002, F@5f@PERSON_SEX@5f@T003A|C_SEX_TOTAL",
DC1117EW0011,count,F_PERSON_F@5f@PERSON,"F@5f@PERSON_AGE@5f@T087A|C_AGE_002, F@5f@PERSON_SEX@5f@T003A|C_SEX_1",
DC1117EW0012,count,F_PERSON_F@5f@PERSON,"F@5f@PERSON_AGE@5f@T087A|C_AGE_002, F@5f@PERSON_SEX@5f@T003A|C_SEX_2",
DC1117EW0013,count,F_PERSON_F@5f@PERSON,"F@5f@PERSON_AGE@5f@T087A|C_AGE_003, F@5f@PERSON_SEX@5f@T003A|C_SEX_TOTAL",
DC1117EW0014,count,F_PERSON_F@5f@PERSON,"F@5f@PERSON_AGE@5f@T087A|C_AGE_003, F@5f@PERSON_SEX@5f@T003A|C_SEX_1",
DC1117EW0015,count,F_PERSON_F@5f@PERSON,"F@5f@PERSON_AGE@5f@T087A|C_AGE_003, F@5f@PERSON_SEX@5f@T003A|C_SEX_2",
DC1117EW0016,count,F_PERSON_F@5f@PERSON,"F@5f@PERSON_AGE@5f@T087A|C_AGE_004, F@5f@PERSON_SEX@5f@T003A|C_SEX_TOTAL",
DC1117EW0017,count,F_PERSON_F@5f@PERSON,"F@5f@PERSON_AGE@5f@T087A|C_AGE_004, F@5f@PERSON_SEX@5f@T003A|C_SEX_1",
DC1117EW0018,count,F_PERSON_F@5f@PERSON,"F@5f@PERSON_AGE@5f@T087A|C_AGE_004, F@5f@PERSON_SEX@5f@T003A|C_SEX_2",
DC1117EW0019,count,F_PERSON_F@5f@PERSON,"F@5f@PERSON_AGE@5f@T087A|C_AGE_005, F@5f@PERSON_SEX@5f@T003A|C_SEX_TOTAL",
DC1117EW0020,count,F_PERSON_F@5f@PERSON,"F@5f@PERSON_AGE@5f@T087A|C_AGE_005, F@5f@PERSON_SEX@5f@T003A|C_SEX_1",
DC1117EW0021,count,F_PERSON_F@5f@PERSON,"F@5f@PERSON_AGE@5f@T087A|C_AGE_005, F@5f@PERSON_SEX@5f@T003A|C_SEX_2",
DC1117EW0022,count,F_PERSON_F@5f@PERSON,"F@5f@PERSON_AGE@5f@T087A|C_AGE_006, F@5f@PERSON_SEX@5f@T003A|C_SEX_TOTAL",
DC1117EW0023,count,F_PERSON_F@5f@PERSON,"F@5f@PERSON_AGE@5f@T087A|C_AGE_006, F@5f@PERSON_SEX@5f@T003A|C_SEX_1",
DC1117EW0024,count,F_PERSON_F@5f@PERSON,"F@5f@PERSON_AGE@5f@T087A|C_AGE_006, F@5f@PERSON_SEX@5f@T003A|C_SEX_2",
DC1117EW0025,count,F_PERSON_F@5f@PERSON,"F@5f@PERSON_AGE@5f@T087A|C_AGE_007, F@5f@PERSON_SEX@5f@T003A|C_SEX_TOTAL",
DC1117EW0026,count,F_PERSON_F@5f@PERSON,"F@5f@PERSON_AGE@5f@T087A|C_AGE_007, F@5f@PERSON_SEX@5f@T003A|C_SEX_1",
DC1117EW0027,count,F_PERSON_F@5f@PERSON,"F@5f@PERSON_AGE@5f@T087A|C_AGE_007, F@5f@PERSON_SEX@5f@T003A|C_SEX_2",
DC1117EW0028,count,F_PERSON_F@5f@PERSON,"F@5f@PERSON_AGE@5f@T087A|C_AGE_008, F@5f@PERSON_SEX@5f@T003A|C_SEX_TOTAL",
DC1117EW0029,count,F_PERSON_F@5f@PERSON,"F@5f@PERSON_AGE@5f@T087A|C_AGE_008, F@5f@PERSON_SEX@5f@T003A|C_SEX_1",
DC1117EW0030,count,F_PERSON_F@5f@PERSON,"F@5f@PERSON_AGE@5f@T087A|C_AGE_008, F@5f@PERSON_SEX@5f@T003A|C_SEX_2",
DC1117EW0031,count,F_PERSON_F@5f@PERSON,"F@5f@PERSON_AGE@5f@T087A|C_AGE_009, F@5f@PERSON_SEX@5f@T003A|C_SEX_TOTAL",
DC1117EW0032,count,F_PERSON_F@5f@PERSON,"F@5f@PERSON_AGE@5f@T087A|C_AGE_009, F@5f@PERSON_SEX@5f@T003A|C_SEX_1",
DC1117EW0033,count,F_PERSON_F@5f@PERSON,"F@5f@PERSON_AGE@5f@T087A|C_AGE_009, F@5f@PERSON_SEX@5f@T003A|C_SEX_2",
DC1117EW0034,count,F_PERSON_F@5f@PERSON,"F@5f@PERSON_AGE@5f@T087A|C_AGE_010, F@5f@PERSON_SEX@5f@T003A|C_SEX_TOTAL",
DC1117EW0035,count,F_PERSON_F@5f@PERSON,"F@5f@PERSON_AGE@5f@T087A|C_AGE_010, F@5f@PERSON_SEX@5f@T003A|C_SEX_1",
DC1117EW0036,count,F_PERSON_F@5f@PERSON,"F@5f@PERSON_AGE@5f@T087A|C_AGE_010, F@5f@PERSON_SEX@5f@T003A|C_SEX_2",
DC1117EW0037,count,F_PERSON_F@5f@PERSON,"F@5f@PERSON_AGE@5f@T087A|C_AGE_011, F@5f@PERSON_SEX@5f@T003A|C_SEX_TOTAL",
DC1117EW0038,count,F_PERSON_F@5f@PERSON,"F@5f@PERSON_AGE@5f@T087A|C_AGE_011, F@5f@PERSON_SEX@5f@T003A|C_SEX_1",
DC1117EW0039,count,F_PERSON_F@5f@PERSON,"F@5f@PERSON_AGE@5f@T087A|C_AGE_011, F@5f@PERSON_SEX@5f@T003A|C_SEX_2",
DC1117EW0040,count,F_PERSON_F@5f@PERSON,"F@5f@PERSON_AGE@5f@T087A|C_AGE_012, F@5f@PERSON_SEX@5f@T003A|C_SEX_TOTAL",
DC1117EW0041,count,F_PERSON_F@5f@PERSON,"F@5f@PERSON_AGE@5f@T087A|C_AGE_012, F@5f@PERSON_SEX@5f@T003A|C_SEX_1",
DC1117EW0042,count,F_PERSON_F@5f@PERSON,"F@5f@PERSON_AGE@5f@T087A|C_AGE_012, F@5f@PERSON_SEX@5f@T003A|C_SEX_2",
DC1117EW0043,count,F_PERSON_F@5f@PERSON,"F@5f@PERSON_AGE@5f@T087A|C_AGE_013, F@5f@PERSON_SEX@5f@T003A|C_SEX_TOTAL",
DC1117EW0044,count,F_PERSON_F@5f@PERSON,"F@5f@PERSON_AGE@5f@T087A|C_AGE_013, F@5f@PERSON_SEX@5f@T003A|C_SEX_1",
DC1117EW0045,count,F_PERSON_F@5f@PERSON,"F@5f@PERSON_AGE@5f@T087A|C_AGE_013, F@5f@PERSON_SEX@5f@T003A|C_SEX_2",
DC1117EW0046,count,F_PERSON_F@5f@PERSON,"F@5f@PERSON_AGE@5f@T087A|C_AGE_014, F@5f@PERSON_SEX@5f@T003A|C_SEX_TOTAL",
DC1117EW0047,count,F_PERSON_F@5f@PERSON,"F@5f@PERSON_AGE@5f@T087A|C_AGE_014, F@5f@PERSON_SEX@5f@T003A|C_SEX_1",
DC1117EW0048,count,F_PERSON_F@5f@PERSON,"F@5f@PERSON_AGE@5f@T087A|C_AGE_014, F@5f@PERSON_SEX@5f@T003A|C_SEX_2",
DC1117EW0049,count,F_PERSON_F@5f@PERSON,"F@5f@PERSON_AGE@5f@T087A|C_AGE_015, F@5f@PERSON_SEX@5f@T003A|C_SEX_TOTAL",
DC1117EW0050,count,F_PERSON_F@5f@PERSON,"F@5f@PERSON_AGE@5f@T087A|C_AGE_015, F@5f@PERSON_SEX@5f@T003A|C_SEX_1",
DC1117EW0051,count,F_PERSON_F@5f@PERSON,"F@5f@PERSON_AGE@5f@T087A|C_AGE_015, F@5f@PERSON_SEX@5f@T003A|C_SEX_2",
DC1117EW0052,count,F_PERSON_F@5f@PERSON,"F@5f@PERSON_AGE@5f@T087A|C_AGE_016, F@5f@PERSON_SEX@5f@T003A|C_SEX_TOTAL",
DC1117EW0053,count,F_PERSON_F@5f@PERSON,"F@5f@PERSON_AGE@5f@T087A|C_AGE_016, F@5f@PERSON_SEX@5f@T003A|C_SEX_1",
DC1117EW0054,count,F_PERSON_F@5f@PERSON,"F@5f@PERSON_AGE@5f@T087A|C_AGE_016, F@5f@PERSON_SEX@5f@T003A|C_SEX_2",
DC1117EW0055,count,F_PERSON_F@5f@PERSON,"F@5f@PERSON_AGE@5f@T087A|C_AGE_017, F@5f@PERSON_SEX@5f@T003A|C_SEX_TOTAL",
DC1117EW0056,count,F_PERSON_F@5f@PERSON,"F@5f@PERSON_AGE@5f@T087A|C_AGE_017, F@5f@PERSON_SEX@5f@T003A|C_SEX_1",
DC1117EW0057,count,F_PERSON_F@5f@PERSON,"F@5f@PERSON_AGE@5f@T087A|C_AGE_017, F@5f@PERSON_SEX@5f@T003A|C_SEX_2",
DC1117EW0058,count,F_PERSON_F@5f@PERSON,"F@5f@PERSON_AGE@5f@T087A|C_AGE_018, F@5f@PERSON_SEX@5f@T003A|C_SEX_TOTAL",
DC1117EW0059,count,F_PERSON_F@5f@PERSON,"F@5f@PERSON_AGE@5f@T087A|C_AGE_018, F@5f@PERSON_SEX@5f@T003A|C_SEX_1",
DC1117EW0060,count,F_PERSON_F@5f@PERSON,"F@5f@PERSON_AGE@5f@T087A|C_AGE_018, F@5f@PERSON_SEX@5f@T003A|C_SEX_2",
DC1117EW0061,count,F_PERSON_F@5f@PERSON,"F@5f@PERSON_AGE@5f@T087A|C_AGE_019, F@5f@PERSON_SEX@5f@T003A|C_SEX_TOTAL",
DC1117EW0062,count,F_PERSON_F@5f@PERSON,"F@5f@PERSON_AGE@5f@T087A|C_AGE_019, F@5f@PERSON_SEX@5f@T003A|C_SEX_1",
DC1117EW0063,count,F_PERSON_F@5f@PERSON,"F@5f@PERSON_AGE@5f@T087A|C_AGE_019, F@5f@PERSON_SEX@5f@T003A|C_SEX_2",
DC1117EW0064,count,F_PERSON_F@5f@PERSON,"F@5f@PERSON_AGE@5f@T087A|C_AGE_020, F@5f@PERSON_SEX@5f@T003A|C_SEX_TOTAL",
DC1117EW0065,count,F_PERSON_F@5f@PERSON,"F@5f@PERSON_AGE@5f@T087A|C_AGE_020, F@5f@PERSON_SEX@5f@T003A|C_SEX_1",
DC1117EW0066,count,F_PERSON_F@5f@PERSON,"F@5f@PERSON_AGE@5f@T087A|C_AGE_020, F@5f@PERSON_SEX@5f@T003A|C_SEX_2",
DC1117EW0067,count,F_PERSON_F@5f@PERSON,"F@5f@PERSON_AGE@5f@T087A|C_AGE_021, F@5f@PERSON_SEX@5f@T003A|C_SEX_TOTAL",
DC1117EW0068,count,F_PERSON_F@5f@PERSON,"F@5f@PERSON_AGE@5f@T087A|C_AGE_021, F@5f@PERSON_SEX@5f@T003A|C_SEX_1",
DC1117EW0069,count,F_PERSON_F@5f@PERSON,"F@5f@PERSON_AGE@5f@T087A|C_AGE_021, F@5f@PERSON_SEX@5f@T003A|C_SEX_2",
DC1117EW0070,count,F_PERSON_F@5f@PERSON,"F@5f@PERSON_AGE@5f@T087A|C_AGE_022, F@5f@PERSON_SEX@5f@T003A|C_SEX_TOTAL",
DC1117EW0071,count,F_PERSON_F@5f@PERSON,"F@5f@PERSON_AGE@5f@T087A|C_AGE_022, F@5f@PERSON_SEX@5f@T003A|C_SEX_1",
DC1117EW0072,count,F_PERSON_F@5f@PERSON,"F@5f@PERSON_AGE@5f@T087A|C_AGE_022, F@5f@PERSON_SEX@5f@T003A|C_SEX_2",
DC1117EW0073,count,F_PERSON_F@5f@PERSON,"F@5f@PERSON_AGE@5f@T087A|C_AGE_023, F@5f@PERSON_SEX@5f@T003A|C_SEX_TOTAL",
DC1117EW0074,count,F_PERSON_F@5f@PERSON,"F@5f@PERSON_AGE@5f@T087A|C_AGE_023, F@5f@PERSON_SEX@5f@T003A|C_SEX_1",
DC1117EW0075,count,F_PERSON_F@5f@PERSON,"F@5f@PERSON_AGE@5f@T087A|C_AGE_023, F@5f@PERSON_SEX@5f@T003A|C_SEX_2",
DC1117EW0076,count,F_PERSON_F@5f@PERSON,"F@5f@PERSON_AGE@5f@T087A|C_AGE_024, F@5f@PERSON_SEX@5f@T003A|C_SEX_TOTAL",
DC1117EW0077,count,F_PERSON_F@5f@PERSON,"F@5f@PERSON_AGE@5f@T087A|C_AGE_024, F@5f@PERSON_SEX@5f@T003A|C_SEX_1",
DC1117EW0078,count,F_PERSON_F@5f@PERSON,"F@5f@PERSON_AGE@5f@T087A|C_AGE_024, F@5f@PERSON_SEX@5f@T003A|C_SEX_2",
DC1117EW0079,count,F_PERSON_F@5f@PERSON,"F@5f@PERSON_AGE@5f@T087A|C_AGE_025, F@5f@PERSON_SEX@5f@T003A|C_SEX_TOTAL",
DC1117EW0080,count,F_PERSON_F@5f@PERSON,"F@5f@PERSON_AGE@5f@T087A|C_AGE_025, F@5f@PERSON_SEX@5f@T003A|C_SEX_1",
DC1117EW0081,count,F_PERSON_F@5f@PERSON,"F@5f@PERSON_AGE@5f@T087A|C_AGE_025, F@5f@PERSON_SEX@5f@T003A|C_SEX_2",
DC1117EW0082,count,F_PERSON_F@5f@PERSON,"F@5f@PERSON_AGE@5f@T087A|C_AGE_026, F@5f@PERSON_SEX@5f@T003A|C_SEX_TOTAL",
DC1117EW0083,count,F_PERSON_F@5f@PERSON,"F@5f@PERSON_AGE@5f@T087A|C_AGE_026, F@5f@PERSON_SEX@5f@T003A|C_SEX_1",
DC1117EW0084,count,F_PERSON_F@5f@PERSON,"F@5f@PERSON_AGE@5f@T087A|C_AGE_026, F@5f@PERSON_SEX@5f@T003A|C_SEX_2",
DC1117EW0085,count,F_PERSON_F@5f@PERSON,"F@5f@PERSON_AGE@5f@T087A|C_AGE_027, F@5f@PERSON_SEX@5f@T003A|C_SEX_TOTAL",
DC1117EW0086,count,F_PERSON_F@5f@PERSON,"F@5f@PERSON_AGE@5f@T087A|C_AGE_027, F@5f@PERSON_SEX@5f@T003A|C_SEX_1",
DC1117EW0087,count,F_PERSON_F@5f@PERSON,"F@5f@PERSON_AGE@5f@T087A|C_AGE_027, F@5f@PERSON_SEX@5f@T003A|C_SEX_2",
DC1117EW0088,count,F_PERSON_F@5f@PERSON,"F@5f@PERSON_AGE@5f@T087A|C_AGE_028, F@5f@PERSON_SEX@5f@T003A|C_SEX_TOTAL",
DC1117EW0089,count,F_PERSON_F@5f@PERSON,"F@5f@PERSON_AGE@5f@T087A|C_AGE_028, F@5f@PERSON_SEX@5f@T003A|C_SEX_1",
DC1117EW0090,count,F_PERSON_F@5f@PERSON,"F@5f@PERSON_AGE@5f@T087A|C_AGE_028, F@5f@PERSON_SEX@5f@T003A|C_SEX_2",
DC1117EW0091,count,F_PERSON_F@5f@PERSON,"F@5f@PERSON_AGE@5f@T087A|C_AGE_029, F@5f@PERSON_SEX@5f@T003A|C_SEX_TOTAL",
DC1117EW0092,count,F_PERSON_F@5f@PERSON,"F@5f@PERSON_AGE@5f@T087A|C_AGE_029, F@5f@PERSON_SEX@5f@T003A|C_SEX_1",
DC1117EW0093,count,F_PERSON_F@5f@PERSON,"F@5f@PERSON_AGE@5f@T087A|C_AGE_029, F@5f@PERSON_SEX@5f@T003A|C_SEX_2",
DC1117EW0094,count,F_PERSON_F@5f@PERSON,"F@5f@PERSON_AGE@5f@T087A|C_AGE_030, F@5f@PERSON_SEX@5f@T003A|C_SEX_TOTAL",
DC1117EW0095,count,F_PERSON_F@5f@PERSON,"F@5f@PERSON_AGE@5f@T087A|C_AGE_030, F@5f@PERSON_SEX@5f@T003A|C_SEX_1",
DC1117EW0096,count,F_PERSON_F@5f@PERSON,"F@5f@PERSON_AGE@5f@T087A|C_AGE_030, F@5f@PERSON_SEX@5f@T003A|C_SEX_2",
DC1117EW0097,count,F_PERSON_F@5f@PERSON,"F@5f@PERSON_AGE@5f@T087A|C_AGE_031, F@5f@PERSON_SEX@5f@T003A|C_SEX_TOTAL",
DC1117EW0098,count,F_PERSON_F@5f@PERSON,"F@5f@PERSON_AGE@5f@T087A|C_AGE_031, F@5f@PERSON_SEX@5f@T003A|C_SEX_1",
DC1117EW0099,count,F_PERSON_F@5f@PERSON,"F@5f@PERSON_AGE@5f@T087A|C_AGE_031, F@5f@PERSON_SEX@5f@T003A|C_SEX_2",
DC1117EW0100,count,F_PERSON_F@5f@PERSON,"F@5f@PERSON_AGE@5f@T087A|C_AGE_032, F@5f@PERSON_SEX@5f@T003A|C_SEX_TOTAL",
DC1117EW0101,count,F_PERSON_F@5f@PERSON,"F@5f@PERSON_AGE@5f@T087A|C_AGE_032, F@5f@PERSON_SEX@5f@T003A|C_SEX_1",
DC1117EW0102,count,F_PERSON_F@5f@PERSON,"F@5f@PERSON_AGE@5f@T087A|C_AGE_032, F@5f@PERSON_SEX@5f@T003A|C_SEX_2",
DC1117EW0103,count,F_PERSON_F@5f@PERSON,"F@5f@PERSON_AGE@5f@T087A|C_AGE_033, F@5f@PERSON_SEX@5f@T003A|C_SEX_TOTAL",
DC1117EW0104,count,F_PERSON_F@5f@PERSON,"F@5f@PERSON_AGE@5f@T087A|C_AGE_033, F@5f@PERSON_SEX@5f@T003A|C_SEX_1",
DC1117EW0105,count,F_PERSON_F@5f@PERSON,"F@5f@PERSON_AGE@5f@T087A|C_AGE_033, F@5f@PERSON_SEX@5f@T003A|C_SEX_2",
DC1117EW0106,count,F_PERSON_F@5f@PERSON,"F@5f@PERSON_AGE@5f@T087A|C_AGE_034, F@5f@PERSON_SEX@5f@T003A|C_SEX_TOTAL",
DC1117EW0107,count,F_PERSON_F@5f@PERSON,"F@5f@PERSON_AGE@5f@T087A|C_AGE_034, F@5f@PERSON_SEX@5f@T003A|C_SEX_1",
DC1117EW0108,count,F_PERSON_F@5f@PERSON,"F@5f@PERSON_AGE@5f@T087A|C_AGE_034, F@5f@PERSON_SEX@5f@T003A|C_SEX_2",
DC1117EW0109,count,F_PERSON_F@5f@PERSON,"F@5f@PERSON_AGE@5f@T087A|C_AGE_035, F@5f@PERSON_SEX@5f@T003A|C_SEX_TOTAL",
DC1117EW0110,count,F_PERSON_F@5f@PERSON,"F@5f@PERSON_AGE@5f@T087A|C_AGE_035, F@5f@PERSON_SEX@5f@T003A|C_SEX_1",
DC1117EW0111,count,F_PERSON_F@5f@PERSON,"F@5f@PERSON_AGE@5f@T087A|C_AGE_035, F@5f@PERSON_SEX@5f@T003A|C_SEX_2",
DC1117EW0112,count,F_PERSON_F@5f@PERSON,"F@5f@PERSON_AGE@5f@T087A|C_AGE_036, F@5f@PERSON_SEX@5f@T003A|C_SEX_TOTAL",
DC1117EW0113,count,F_PERSON_F@5f@PERSON,"F@5f@PERSON_AGE@5f@T087A|C_AGE_036, F@5f@PERSON_SEX@5f@T003A|C_SEX_1",
DC1117EW0114,count,F_PERSON_F@5f@PERSON,"F@5f@PERSON_AGE@5f@T087A|C_AGE_036, F@5f@PERSON_SEX@5f@T003A|C_SEX_2",
DC1117EW0115,count,F_PERSON_F@5f@PERSON,"F@5f@PERSON_AGE@5f@T087A|C_AGE_037, F@5f@PERSON_SEX@5f@T003A|C_SEX_TOTAL",
DC1117EW0116,count,F_PERSON_F@5f@PERSON,"F@5f@PERSON_AGE@5f@T087A|C_AGE_037, F@5f@PERSON_SEX@5f@T003A|C_SEX_1",
DC1117EW0117,count,F_PERSON_F@5f@PERSON,"F@5f@PERSON_AGE@5f@T087A|C_AGE_037, F@5f@PERSON_SEX@5f@T003A|C_SEX_2",
DC1117EW0118,count,F_PERSON_F@5f@PERSON,"F@5f@PERSON_AGE@5f@T087A|C_AGE_038, F@5f@PERSON_SEX@5f@T003A|C_SEX_TOTAL",
DC1117EW0119,count,F_PERSON_F@5f@PERSON,"F@5f@PERSON_AGE@5f@T087A|C_AGE_038, F@5f@PERSON_SEX@5f@T003A|C_SEX_1",
DC1117EW0120,count,F_PERSON_F@5f@PERSON,"F@5f@PERSON_AGE@5f@T087A|C_AGE_038, F@5f@PERSON_SEX@5f@T003A|C_SEX_2",
DC1117EW0121,count,F_PERSON_F@5f@PERSON,"F@5f@PERSON_AGE@5f@T087A|C_AGE_039, F@5f@PERSON_SEX@5f@T003A|C_SEX_TOTAL",
DC1117EW0122,count,F_PERSON_F@5f@PERSON,"F@5f@PERSON_AGE@5f@T087A|C_AGE_039, F@5f@PERSON_SEX@5f@T003A|C_SEX_1",
DC1117EW0123,count,F_PERSON_F@5f@PERSON,"F@5f@PERSON_AGE@5f@T087A|C_AGE_039, F@5f@PERSON_SEX@5f@T003A|C_SEX_2",
DC1117EW0124,count,F_PERSON_F@5f@PERSON,"F@5f@PERSON_AGE@5f@T087A|C_AGE_040, F@5f@PERSON_SEX@5f@T003A|C_SEX_TOTAL",
DC1117EW0125,count,F_PERSON_F@5f@PERSON,"F@5f@PERSON_AGE@5f@T087A|C_AGE_040, F@5f@PERSON_SEX@5f@T003A|C_SEX_1",
DC1117EW0126,count,F_PERSON_F@5f@PERSON,"F@5f@PERSON_AGE@5f@T087A|C_AGE_040, F@5f@PERSON_SEX@5f@T003A|C_SEX_2",
DC1117EW0127,count,F_PERSON_F@5f@PERSON,"F@5f@PERSON_AGE@5f@T087A|C_AGE_041, F@5f@PERSON_SEX@5f@T003A|C_SEX_TOTAL",
DC1117EW0128,count,F_PERSON_F@5f@PERSON,"F@5f@PERSON_AGE@5f@T087A|C_AGE_041, F@5f@PERSON_SEX@5f@T003A|C_SEX_1",
DC1117EW0129,count,F_PERSON_F@5f@PERSON,"F@5f@PERSON_AGE@5f@T087A|C_AGE_041, F@5f@PERSON_SEX@5f@T003A|C_SEX_2",
DC1117EW0130,count,F_PERSON_F@5f@PERSON,"F@5f@PERSON_AGE@5f@T087A|C_AGE_042, F@5f@PERSON_SEX@5f@T003A|C_SEX_TOTAL",
DC1117EW0131,count,F_PERSON_F@5f@PERSON,"F@5f@PERSON_AGE@5f@T087A|C_AGE_042, F@5f@PERSON_SEX@5f@T003A|C_SEX_1",
DC1117EW0132,count,F_PERSON_F@5f@PERSON,"F@5f@PERSON_AGE@5f@T087A|C_AGE_042, F@5f@PERSON_SEX@5f@T003A|C_SEX_2",
DC1117EW0133,count,F_PERSON_F@5f@PERSON,"F@5f@PERSON_AGE@5f@T087A|C_AGE_043, F@5f@PERSON_SEX@5f@T003A|C_SEX_TOTAL",
DC1117EW0134,count,F_PERSON_F@5f@PERSON,"F@5f@PERSON_AGE@5f@T087A|C_AGE_043, F@5f@PERSON_SEX@5f@T003A|C_SEX_1",
DC1117EW0135,count,F_PERSON_F@5f@PERSON,"F@5f@PERSON_AGE@5f@T087A|C_AGE_043, F@5f@PERSON_SEX@5f@T003A|C_SEX_2",
DC1117EW0136,count,F_PERSON_F@5f@PERSON,"F@5f@PERSON_AGE@5f@T087A|C_AGE_044, F@5f@PERSON_SEX@5f@T003A|C_SEX_TOTAL",
DC1117EW0137,count,F_PERSON_F@5f@PERSON,"F@5f@PERSON_AGE@5f@T087A|C_AGE_044, F@5f@PERSON_SEX@5f@T003A|C_SEX_1",
DC1117EW0138,count,F_PERSON_F@5f@PERSON,"F@5f@PERSON_AGE@5f@T087A|C_AGE_044, F@5f@PERSON_SEX@5f@T003A|C_SEX_2",
DC1117EW0139,count,F_PERSON_F@5f@PERSON,"F@5f@PERSON_AGE@5f@T087A|C_AGE_045, F@5f@PERSON_SEX@5f@T003A|C_SEX_TOTAL",
DC1117EW0140,count,F_PERSON_F@5f@PERSON,"F@5f@PERSON_AGE@5f@T087A|C_AGE_045, F@5f@PERSON_SEX@5f@T003A|C_SEX_1",
DC1117EW0141,count,F_PERSON_F@5f@PERSON,"F@5f@PERSON_AGE@5f@T087A|C_AGE_045, F@5f@PERSON_SEX@5f@T003A|C_SEX_2",
DC1117EW0142,count,F_PERSON_F@5f@PERSON,"F@5f@PERSON_AGE@5f@T087A|C_AGE_046, F@5f@PERSON_SEX@5f@T003A|C_SEX_TOTAL",
DC1117EW0143,count,F_PERSON_F@5f@PERSON,"F@5f@PERSON_AGE@5f@T087A|C_AGE_046, F@5f@PERSON_SEX@5f@T003A|C_SEX_1",
DC1117EW0144,count,F_PERSON_F@5f@PERSON,"F@5f@PERSON_AGE@5f@T087A|C_AGE_046, F@5f@PERSON_SEX@5f@T003A|C_SEX_2",
DC1117EW0145,count,F_PERSON_F@5f@PERSON,"F@5f@PERSON_AGE@5f@T087A|C_AGE_047, F@5f@PERSON_SEX@5f@T003A|C_SEX_TOTAL",
DC1117EW0146,count,F_PERSON_F@5f@PERSON,"F@5f@PERSON_AGE@5f@T087A|C_AGE_047, F@5f@PERSON_SEX@5f@T003A|C_SEX_1",
DC1117EW0147,count,F_PERSON_F@5f@PERSON,"F@5f@PERSON_AGE@5f@T087A|C_AGE_047, F@5f@PERSON_SEX@5f@T003A|C_SEX_2",
DC1117EW0148,count,F_PERSON_F@5f@PERSON,"F@5f@PERSON_AGE@5f@T087A|C_AGE_048, F@5f@PERSON_SEX@5f@T003A|C_SEX_TOTAL",
DC1117EW0149,count,F_PERSON_F@5f@PERSON,"F@5f@PERSON_AGE@5f@T087A|C_AGE_048, F@5f@PERSON_SEX@5f@T003A|C_SEX_1",
DC1117EW0150,count,F_PERSON_F@5f@PERSON,"F@5f@PERSON_AGE@5f@T087A|C_AGE_048, F@5f@PERSON_SEX@5f@T003A|C_SEX_2",
DC1117EW0151,count,F_PERSON_F@5f@PERSON,"F@5f@PERSON_AGE@5f@T087A|C_AGE_049, F@5f@PERSON_SEX@5f@T003A|C_SEX_TOTAL",
DC1117EW0152,count,F_PERSON_F@5f@PERSON,"F@5f@PERSON_AGE@5f@T087A|C_AGE_049, F@5f@PERSON_SEX@5f@T003A|C_SEX_1",
DC1117EW0153,count,F_PERSON_F@5f@PERSON,"F@5f@PERSON_AGE@5f@T087A|C_AGE_049, F@5f@PERSON_SEX@5f@T003A|C_SEX_2",
DC1117EW0154,count,F_PERSON_F@5f@PERSON,"F@5f@PERSON_AGE@5f@T087A|C_AGE_050, F@5f@PERSON_SEX@5f@T003A|C_SEX_TOTAL",
DC1117EW0155,count,F_PERSON_F@5f@PERSON,"F@5f@PERSON_AGE@5f@T087A|C_AGE_050, F@5f@PERSON_SEX@5f@T003A|C_SEX_1",
DC1117EW0156,count,F_PERSON_F@5f@PERSON,"F@5f@PERSON_AGE@5f@T087A|C_AGE_050, F@5f@PERSON_SEX@5f@T003A|C_SEX_2",
DC1117EW0157,count,F_PERSON_F@5f@PERSON,"F@5f@PERSON_AGE@5f@T087A|C_AGE_051, F@5f@PERSON_SEX@5f@T003A|C_SEX_TOTAL",
DC1117EW0158,count,F_PERSON_F@5f@PERSON,"F@5f@PERSON_AGE@5f@T087A|C_AGE_051, F@5f@PERSON_SEX@5f@T003A|C_SEX_1",
DC1117EW0159,count,F_PERSON_F@5f@PERSON,"F@5f@PERSON_AGE@5f@T087A|C_AGE_051, F@5f@PERSON_SEX@5f@T003A|C_SEX_2",
DC1117EW0160,count,F_PERSON_F@5f@PERSON,"F@5f@PERSON_AGE@5f@T087A|C_AGE_052, F@5f@PERSON_SEX@5f@T003A|C_SEX_TOTAL",
DC1117EW0161,count,F_PERSON_F@5f@PERSON,"F@5f@PERSON_AGE@5f@T087A|C_AGE_052, F@5f@PERSON_SEX@5f@T003A|C_SEX_1",
DC1117EW0162,count,F_PERSON_F@5f@PERSON,"F@5f@PERSON_AGE@5f@T087A|C_AGE_052, F@5f@PERSON_SEX@5f@T003A|C_SEX_2",
DC1117EW0163,count,F_PERSON_F@5f@PERSON,"F@5f@PERSON_AGE@5f@T087A|C_AGE_053, F@5f@PERSON_SEX@5f@T003A|C_SEX_TOTAL",
DC1117EW0164,count,F_PERSON_F@5f@PERSON,"F@5f@PERSON_AGE@5f@T087A|C_AGE_053, F@5f@PERSON_SEX@5f@T003A|C_SEX_1",
DC1117EW0165,count,F_PERSON_F@5f@PERSON,"F@5f@PERSON_AGE@5f@T087A|C_AGE_053, F@5f@PERSON_SEX@5f@T003A|C_SEX_2",
DC1117EW0166,count,F_PERSON_F@5f@PERSON,"F@5f@PERSON_AGE@5f@T087A|C_AGE_054, F@5f@PERSON_SEX@5f@T003A|C_SEX_TOTAL",
DC1117EW0167,count,F_PERSON_F@5f@PERSON,"F@5f@PERSON_AGE@5f@T087A|C_AGE_054, F@5f@PERSON_SEX@5f@T003A|C_SEX_1",
DC1117EW0168,count,F_PERSON_F@5f@PERSON,"F@5f@PERSON_AGE@5f@T087A|C_AGE_054, F@5f@PERSON_SEX@5f@T003A|C_SEX_2",
DC1117EW0169,count,F_PERSON_F@5f@PERSON,"F@5f@PERSON_AGE@5f@T087A|C_AGE_055, F@5f@PERSON_SEX@5f@T003A|C_SEX_TOTAL",
DC1117EW0170,count,F_PERSON_F@5f@PERSON,"F@5f@PERSON_AGE@5f@T087A|C_AGE_055, F@5f@PERSON_SEX@5f@T003A|C_SEX_1",
DC1117EW0171,count,F_PERSON_F@5f@PERSON,"F@5f@PERSON_AGE@5f@T087A|C_AGE_055, F@5f@PERSON_SEX@5f@T003A|C_SEX_2",
DC1117EW0172,count,F_PERSON_F@5f@PERSON,"F@5f@PERSON_AGE@5f@T087A|C_AGE_056, F@5f@PERSON_SEX@5f@T003A|C_SEX_TOTAL",
DC1117EW0173,count,F_PERSON_F@5f@PERSON,"F@5f@PERSON_AGE@5f@T087A|C_AGE_056, F@5f@PERSON_SEX@5f@T003A|C_SEX_1",
DC1117EW0174,count,F_PERSON_F@5f@PERSON,"F@5f@PERSON_AGE@5f@T087A|C_AGE_056, F@5f@PERSON_SEX@5f@T003A|C_SEX_2",
DC1117EW0175,count,F_PERSON_F@5f@PERSON,"F@5f@PERSON_AGE@5f@T087A|C_AGE_057, F@5f@PERSON_SEX@5f@T003A|C_SEX_TOTAL",
DC1117EW0176,count,F_PERSON_F@5f@PERSON,"F@5f@PERSON_AGE@5f@T087A|C_AGE_057, F@5f@PERSON_SEX@5f@T003A|C_SEX_1",
DC1117EW0177,count,F_PERSON_F@5f@PERSON,"F@5f@PERSON_AGE@5f@T087A|C_AGE_057, F@5f@PERSON_SEX@5f@T003A|C_SEX_2",
DC1117EW0178,count,F_PERSON_F@5f@PERSON,"F@5f@PERSON_AGE@5f@T087A|C_AGE_058, F@5f@PERSON_SEX@5f@T003A|C_SEX_TOTAL",
DC1117EW0179,count,F_PERSON_F@5f@PERSON,"F@5f@PERSON_AGE@5f@T087A|C_AGE_058, F@5f@PERSON_SEX@5f@T003A|C_SEX_1",
DC1117EW0180,count,F_PERSON_F@5f@PERSON,"F@5f@PERSON_AGE@5f@T087A|C_AGE_058, F@5f@PERSON_SEX@5f@T003A|C_SEX_2",
DC1117EW0181,count,F_PERSON_F@5f@PERSON,"F@5f@PERSON_AGE@5f@T087A|C_AGE_059, F@5f@PERSON_SEX@5f@T003A|C_SEX_TOTAL",
DC1117EW0182,count,F_PERSON_F@5f@PERSON,"F@5f@PERSON_AGE@5f@T087A|C_AGE_059, F@5f@PERSON_SEX@5f@T003A|C_SEX_1",
DC1117EW0183,count,F_PERSON_F@5f@PERSON,"F@5f@PERSON_AGE@5f@T087A|C_AGE_059, F@5f@PERSON_SEX@5f@T003A|C_SEX_2",
DC1117EW0184,count,F_PERSON_F@5f@PERSON,"F@5f@PERSON_AGE@5f@T087A|C_AGE_060, F@5f@PERSON_SEX@5f@T003A|C_SEX_TOTAL",
DC1117EW0185,count,F_PERSON_F@5f@PERSON,"F@5f@PERSON_AGE@5f@T087A|C_AGE_060, F@5f@PERSON_SEX@5f@T003A|C_SEX_1",
DC1117EW0186,count,F_PERSON_F@5f@PERSON,"F@5f@PERSON_AGE@5f@T087A|C_AGE_060, F@5f@PERSON_SEX@5f@T003A|C_SEX_2",
DC1117EW0187,count,F_PERSON_F@5f@PERSON,"F@5f@PERSON_AGE@5f@T087A|C_AGE_061, F@5f@PERSON_SEX@5f@T003A|C_SEX_TOTAL",
DC1117EW0188,count,F_PERSON_F@5f@PERSON,"F@5f@PERSON_AGE@5f@T087A|C_AGE_061, F@5f@PERSON_SEX@5f@T003A|C_SEX_1",
DC1117EW0189,count,F_PERSON_F@5f@PERSON,"F@5f@PERSON_AGE@5f@T087A|C_AGE_061, F@5f@PERSON_SEX@5f@T003A|C_SEX_2",
DC1117EW0190,count,F_PERSON_F@5f@PERSON,"F@5f@PERSON_AGE@5f@T087A|C_AGE_062, F@5f@PERSON_SEX@5f@T003A|C_SEX_TOTAL",
DC1117EW0191,count,F_PERSON_F@5f@PERSON,"F@5f@PERSON_AGE@5f@T087A|C_AGE_062, F@5f@PERSON_SEX@5f@T003A|C_SEX_1",
DC1117EW0192,count,F_PERSON_F@5f@PERSON,"F@5f@PERSON_AGE@5f@T087A|C_AGE_062, F@5f@PERSON_SEX@5f@T003A|C_SEX_2",
DC1117EW0193,count,F_PERSON_F@5f@PERSON,"F@5f@PERSON_AGE@5f@T087A|C_AGE_063, F@5f@PERSON_SEX@5f@T003A|C_SEX_TOTAL",
DC1117EW0194,count,F_PERSON_F@5f@PERSON,"F@5f@PERSON_AGE@5f@T087A|C_AGE_063, F@5f@PERSON_SEX@5f@T003A|C_SEX_1",
DC1117EW0195,count,F_PERSON_F@5f@PERSON,"F@5f@PERSON_AGE@5f@T087A|C_AGE_063, F@5f@PERSON_SEX@5f@T003A|C_SEX_2",
DC1117EW0196,count,F_PERSON_F@5f@PERSON,"F@5f@PERSON_AGE@5f@T087A|C_AGE_064, F@5f@PERSON_SEX@5f@T003A|C_SEX_TOTAL",
DC1117EW0197,count,F_PERSON_F@5f@PERSON,"F@5f@PERSON_AGE@5f@T087A|C_AGE_064, F@5f@PERSON_SEX@5f@T003A|C_SEX_1",
DC1117EW0198,count,F_PERSON_F@5f@PERSON,"F@5f@PERSON_AGE@5f@T087A|C_AGE_064, F@5f@PERSON_SEX@5f@T003A|C_SEX_2",
DC1117EW0199,count,F_PERSON_F@5f@PERSON,"F@5f@PERSON_AGE@5f@T087A|C_AGE_065, F@5f@PERSON_SEX@5f@T003A|C_SEX_TOTAL",
DC1117EW0200,count,F_PERSON_F@5f@PERSON,"F@5f@PERSON_AGE@5f@T087A|C_AGE_065, F@5f@PERSON_SEX@5f@T003A|C_SEX_1",
DC1117EW0201,count,F_PERSON_F@5f@PERSON,"F@5f@PERSON_AGE@5f@T087A|C_AGE_065, F@5f@PERSON_SEX@5f@T003A|C_SEX_2",
DC1117EW0202,count,F_PERSON_F@5f@PERSON,"F@5f@PERSON_AGE@5f@T087A|C_AGE_066, F@5f@PERSON_SEX@5f@T003A|C_SEX_TOTAL",
DC1117EW0203,count,F_PERSON_F@5f@PERSON,"F@5f@PERSON_AGE@5f@T087A|C_AGE_066, F@5f@PERSON_SEX@5f@T003A|C_SEX_1",
DC1117EW0204,count,F_PERSON_F@5f@PERSON,"F@5f@PERSON_AGE@5f@T087A|C_AGE_066, F@5f@PERSON_SEX@5f@T003A|C_SEX_2",
DC1117EW0205,count,F_PERSON_F@5f@PERSON,"F@5f@PERSON_AGE@5f@T087A|C_AGE_067, F@5f@PERSON_SEX@5f@T003A|C_SEX_TOTAL",
DC1117EW0206,count,F_PERSON_F@5f@PERSON,"F@5f@PERSON_AGE@5f@T087A|C_AGE_067, F@5f@PERSON_SEX@5f@T003A|C_SEX_1",
DC1117EW0207,count,F_PERSON_F@5f@PERSON,"F@5f@PERSON_AGE@5f@T087A|C_AGE_067, F@5f@PERSON_SEX@5f@T003A|C_SEX_2",
DC1117EW0208,count,F_PERSON_F@5f@PERSON,"F@5f@PERSON_AGE@5f@T087A|C_AGE_068, F@5f@PERSON_SEX@5f@T003A|C_SEX_TOTAL",
DC1117EW0209,count,F_PERSON_F@5f@PERSON,"F@5f@PERSON_AGE@5f@T087A|C_AGE_068, F@5f@PERSON_SEX@5f@T003A|C_SEX_1",
DC1117EW0210,count,F_PERSON_F@5f@PERSON,"F@5f@PERSON_AGE@5f@T087A|C_AGE_068, F@5f@PERSON_SEX@5f@T003A|C_SEX_2",
DC1117EW0211,count,F_PERSON_F@5f@PERSON,"F@5f@PERSON_AGE@5f@T087A|C_AGE_069, F@5f@PERSON_SEX@5f@T003A|C_SEX_TOTAL",
DC1117EW0212,count,F_PERSON_F@5f@PERSON,"F@5f@PERSON_AGE@5f@T087A|C_AGE_069, F@5f@PERSON_SEX@5f@T003A|C_SEX_1",
DC1117EW0213,count,F_PERSON_F@5f@PERSON,"F@5f@PERSON_AGE@5f@T087A|C_AGE_069, F@5f@PERSON_SEX@5f@T003A|C_SEX_2",
DC1117EW0214,count,F_PERSON_F@5f@PERSON,"F@5f@PERSON_AGE@5f@T087A|C_AGE_070, F@5f@PERSON_SEX@5f@T003A|C_SEX_TOTAL",
DC1117EW0215,count,F_PERSON_F@5f@PERSON,"F@5f@PERSON_AGE@5f@T087A|C_AGE_070, F@5f@PERSON_SEX@5f@T003A|C_SEX_1",
DC1117EW0216,count,F_PERSON_F@5f@PERSON,"F@5f@PERSON_AGE@5f@T087A|C_AGE_070, F@5f@PERSON_SEX@5f@T003A|C_SEX_2",
DC1117EW0217,count,F_PERSON_F@5f@PERSON,"F@5f@PERSON_AGE@5f@T087A|C_AGE_071, F@5f@PERSON_SEX@5f@T003A|C_SEX_TOTAL",
DC1117EW0218,count,F_PERSON_F@5f@PERSON,"F@5f@PERSON_AGE@5f@T087A|C_AGE_071, F@5f@PERSON_SEX@5f@T003A|C_SEX_1",
DC1117EW0219,count,F_PERSON_F@5f@PERSON,"F@5f@PERSON_AGE@5f@T087A|C_AGE_071, F@5f@PERSON_SEX@5f@T003A|C_SEX_2",
DC1117EW0220,count,F_PERSON_F@5f@PERSON,"F@5f@PERSON_AGE@5f@T087A|C_AGE_072, F@5f@PERSON_SEX@5f@T003A|C_SEX_TOTAL",
DC1117EW0221,count,F_PERSON_F@5f@PERSON,"F@5f@PERSON_AGE@5f@T087A|C_AGE_072, F@5f@PERSON_SEX@5f@T003A|C_SEX_1",
DC1117EW0222,count,F_PERSON_F@5f@PERSON,"F@5f@PERSON_AGE@5f@T087A|C_AGE_072, F@5f@PERSON_SEX@5f@T003A|C_SEX_2",
DC1117EW0223,count,F_PERSON_F@5f@PERSON,"F@5f@PERSON_AGE@5f@T087A|C_AGE_073, F@5f@PERSON_SEX@5f@T003A|C_SEX_TOTAL",
DC1117EW0224,count,F_PERSON_F@5f@PERSON,"F@5f@PERSON_AGE@5f@T087A|C_AGE_073, F@5f@PERSON_SEX@5f@T003A|C_SEX_1",
DC1117EW0225,count,F_PERSON_F@5f@PERSON,"F@5f@PERSON_AGE@5f@T087A|C_AGE_073, F@5f@PERSON_SEX@5f@T003A|C_SEX_2",
DC1117EW0226,count,F_PERSON_F@5f@PERSON,"F@5f@PERSON_AGE@5f@T087A|C_AGE_074, F@5f@PERSON_SEX@5f@T003A|C_SEX_TOTAL",
DC1117EW0227,count,F_PERSON_F@5f@PERSON,"F@5f@PERSON_AGE@5f@T087A|C_AGE_074, F@5f@PERSON_SEX@5f@T003A|C_SEX_1",
DC1117EW0228,count,F_PERSON_F@5f@PERSON,"F@5f@PERSON_AGE@5f@T087A|C_AGE_074, F@5f@PERSON_SEX@5f@T003A|C_SEX_2",
DC1117EW0229,count,F_PERSON_F@5f@PERSON,"F@5f@PERSON_AGE@5f@T087A|C_AGE_075, F@5f@PERSON_SEX@5f@T003A|C_SEX_TOTAL",
DC1117EW0230,count,F_PERSON_F@5f@PERSON,"F@5f@PERSON_AGE@5f@T087A|C_AGE_075, F@5f@PERSON_SEX@5f@T003A|C_SEX_1",
DC1117EW0231,count,F_PERSON_F@5f@PERSON,"F@5f@PERSON_AGE@5f@T087A|C_AGE_075, F@5f@PERSON_SEX@5f@T003A|C_SEX_2",
DC1117EW0232,count,F_PERSON_F@5f@PERSON,"F@5f@PERSON_AGE@5f@T087A|C_AGE_076, F@5f@PERSON_SEX@5f@T003A|C_SEX_TOTAL",
DC1117EW0233,count,F_PERSON_F@5f@PERSON,"F@5f@PERSON_AGE@5f@T087A|C_AGE_076, F@5f@PERSON_SEX@5f@T003A|C_SEX_1",
DC1117EW0234,count,F_PERSON_F@5f@PERSON,"F@5f@PERSON_AGE@5f@T087A|C_AGE_076, F@5f@PERSON_SEX@5f@T003A|C_SEX_2",
DC1117EW0235,count,F_PERSON_F@5f@PERSON,"F@5f@PERSON_AGE@5f@T087A|C_AGE_077, F@5f@PERSON_SEX@5f@T003A|C_SEX_TOTAL",
DC1117EW0236,count,F_PERSON_F@5f@PERSON,"F@5f@PERSON_AGE@5f@T087A|C_AGE_077, F@5f@PERSON_SEX@5f@T003A|C_SEX_1",
DC1117EW0237,count,F_PERSON_F@5f@PERSON,"F@5f@PERSON_AGE@5f@T087A|C_AGE_077, F@5f@PERSON_SEX@5f@T003A|C_SEX_2",
DC1117EW0238,count,F_PERSON_F@5f@PERSON,"F@5f@PERSON_AGE@5f@T087A|C_AGE_078, F@5f@PERSON_SEX@5f@T003A|C_SEX_TOTAL",
DC1117EW0239,count,F_PERSON_F@5f@PERSON,"F@5f@PERSON_AGE@5f@T087A|C_AGE_078, F@5f@PERSON_SEX@5f@T003A|C_SEX_1",
DC1117EW0240,count,F_PERSON_F@5f@PERSON,"F@5f@PERSON_AGE@5f@T087A|C_AGE_078, F@5f@PERSON_SEX@5f@T003A|C_SEX_2",
DC1117EW0241,count,F_PERSON_F@5f@PERSON,"F@5f@PERSON_AGE@5f@T087A|C_AGE_079, F@5f@PERSON_SEX@5f@T003A|C_SEX_TOTAL",
DC1117EW0242,count,F_PERSON_F@5f@PERSON,"F@5f@PERSON_AGE@5f@T087A|C_AGE_079, F@5f@PERSON_SEX@5f@T003A|C_SEX_1",
DC1117EW0243,count,F_PERSON_F@5f@PERSON,"F@5f@PERSON_AGE@5f@T087A|C_AGE_079, F@5f@PERSON_SEX@5f@T003A|C_SEX_2",
DC1117EW0244,count,F_PERSON_F@5f@PERSON,"F@5f@PERSON_AGE@5f@T087A|C_AGE_080, F@5f@PERSON_SEX@5f@T003A|C_SEX_TOTAL",
DC1117EW0245,count,F_PERSON_F@5f@PERSON,"F@5f@PERSON_AGE@5f@T087A|C_AGE_080, F@5f@PERSON_SEX@5f@T003A|C_SEX_1",
DC1117EW0246,count,F_PERSON_F@5f@PERSON,"F@5f@PERSON_AGE@5f@T087A|C_AGE_080, F@5f@PERSON_SEX@5f@T003A|C_SEX_2",
DC1117EW0247,count,F_PERSON_F@5f@PERSON,"F@5f@PERSON_AGE@5f@T087A|C_AGE_081, F@5f@PERSON_SEX@5f@T003A|C_SEX_TOTAL",
DC1117EW0248,count,F_PERSON_F@5f@PERSON,"F@5f@PERSON_AGE@5f@T087A|C_AGE_081, F@5f@PERSON_SEX@5f@T003A|C_SEX_1",
DC1117EW0249,count,F_PERSON_F@5f@PERSON,"F@5f@PERSON_AGE@5f@T087A|C_AGE_081, F@5f@PERSON_SEX@5f@T003A|C_SEX_2",
DC1117EW0250,count,F_PERSON_F@5f@PERSON,"F@5f@PERSON_AGE@5f@T087A|C_AGE_082, F@5f@PERSON_SEX@5f@T003A|C_SEX_TOTAL",
DC1117EW0251,count,F_PERSON_F@5f@PERSON,"F@5f@PERSON_AGE@5f@T087A|C_AGE_082, F@5f@PERSON_SEX@5f@T003A|C_SEX_1",
DC1117EW0252,count,F_PERSON_F@5f@PERSON,"F@5f@PERSON_AGE@5f@T087A|C_AGE_082, F@5f@PERSON_SEX@5f@T003A|C_SEX_2",
DC1117EW0253,count,F_PERSON_F@5f@PERSON,"F@5f@PERSON_AGE@5f@T087A|C_AGE_083, F@5f@PERSON_SEX@5f@T003A|C_SEX_TOTAL",
DC1117EW0254,count,F_PERSON_F@5f@PERSON,"F@5f@PERSON_AGE@5f@T087A|C_AGE_083, F@5f@PERSON_SEX@5f@T003A|C_SEX_1",
DC1117EW0255,count,F_PERSON_F@5f@PERSON,"F@5f@PERSON_AGE@5f@T087A|C_AGE_083, F@5f@PERSON_SEX@5f@T003A|C_SEX_2",
DC1117EW0256,count,F_PERSON_F@5f@PERSON,"F@5f@PERSON_AGE@5f@T087A|C_AGE_084, F@5f@PERSON_SEX@5f@T003A|C_SEX_TOTAL",
DC1117EW0257,count,F_PERSON_F@5f@PERSON,"F@5f@PERSON_AGE@5f@T087A|C_AGE_084, F@5f@PERSON_SEX@5f@T003A|C_SEX_1",
DC1117EW0258,count,F_PERSON_F@5f@PERSON,"F@5f@PERSON_AGE@5f@T087A|C_AGE_084, F@5f@PERSON_SEX@5f@T003A|C_SEX_2",
DC1117EW0259,count,F_PERSON_F@5f@PERSON,"F@5f@PERSON_AGE@5f@T087A|C_AGE_TFPdI8I1, F@5f@PERSON_SEX@5f@T003A|C_SEX_TOTAL",
DC1117EW0260,count,F_PERSON_F@5f@PERSON,"F@5f@PERSON_AGE@5f@T087A|C_AGE_TFPdI8I1, F@5f@PERSON_SEX@5f@T003A|C_SEX_1",
DC1117EW0261,count,F_PERSON_F@5f@PERSON,"F@5f@PERSON_AGE@5f@T087A|C_AGE_TFPdI8I1, F@5f@PERSON_SEX@5f@T003A|C_SEX_2",
